{
  "nome": "Track 1",
  "pontos_controle": [
    [
      31.816906347414385,
      10.601875289821642
    ],
    [
      61.44405106809561,
      9.26445853976443
    ],
    [
      50.993199537221855,
      20.603260738242053
    ],
    [
      32.74280552965229,
      17.110465970932783
    ],
    [
      24.3632067095479,
      21.606605500416066
    ],
    [
      14.243693395799696,
      13.090609784536266
    ],
    [
      14.934841378933065,
      8.625648688744707
    ],
    [
      31.816906347414385,
      10.601875289821642
    ]
  ],
  "largura_pista": 1.8,
  "largada": {
    "x": 46.5135028973453,
    "y": 9.51966566018593,
    "largura_linha": 1.8,
    "angulo_carro_graus": -5.456013026717025,
    "angulo_linha_graus": 84.54398697328297
  },
  "chegada": {
    "x": 46.5135028973453,
    "y": 9.51966566018593,
    "largura_linha": 1.8,
    "angulo_linha_graus": 84.54398697328297
  }
}